﻿<?xml version="1.0" encoding="utf-8"?> 
<root>
<FormatVersion>2</FormatVersion>
  
<!--##############################################################

    Localization file for QTTabBar ver 1030 ( 2015-10-24 )

                * {0} is used as a placeholder
                * [[|]] is used to represent singular/plural expressions.
                  ex. ind[[ex|ices]], folder[[|s]]
                * Empty or missing lines will be filled by QTTabBar with default English resources.
                * This file is not compatible with QTTabBars earlier than ver 128.

    ##############################################################-->

<!--Indicates the target version of QTTabBar-->
<Version>1030</Version>

<!--META DATA-->
<Author>YFdyh000</Author>
<Revision>20151025</Revision>
<Locale>zh-CN</Locale>
<Contact>yfdyh000@gmail.com</Contact>
<DateModified>2015/10/25 9:06:45</DateModified>
<EditorVersion>1.0.0.5</EditorVersion>

<!--DATA START-->
<ButtonBarButtons>
分隔符
后退
前进
标签群组
最近标签
应用程序启动器
新窗口
克隆标签
锁定标签
复制工具
置顶
关闭标签
关闭其他
关闭窗口
关闭左侧
关闭右侧
向上
刷新
搜索
选项
最近文件
透明度
禁用媒体预览
搜索框
</ButtonBarButtons>


<ButtonBarMenu>
自定义(&amp;C)...
锁定工具栏(&amp;L)
路径
名称
当前文件夹路径
当前文件夹名
文件哈希值(hash)
所有标签的路径
当前文件夹
（多个项目)
工作文件夹
停止图片
停止电影和音乐
停止文本
没有子项
</ButtonBarMenu>


<ButtonBarTooltip>
后退到 {0} (Alt + ←）
前进到 {0} (Alt + →）
最近页面
存储链接到文件夹组。
您最近访问过的文件夹。
链接到您注册的应用程序。
在新窗口中打开当前标签。
克隆活动标签，并将添加到栏。
锁定活动标签，并阻止关闭。
弹出菜单来复制文件的名称等信息。
设置此窗口到最顶端。
关闭活动标签。
关闭除活动标签外的所有标签。
关闭此窗口。
关闭活动标签左侧的所有标签。
关闭活动标签右侧的所有标签。
向上到父文件夹。
刷新文件夹视图。
在新标签中打开搜索文件夹。
打开 QTTabBar 选项窗口。
您最近访问过的文件链接。
设置此窗口的透明度。
启用或禁用图像、媒体和文本预览。
过滤当前视图输入字符串。
当前选择的路径文本复制到剪贴板。
当前选择的名称文本复制到剪贴板。
当前文件夹路径复制到剪贴板。
当前文件夹名称复制到剪贴板。
计算并显示所选文件的哈希值。
所有标签的路径文本复制到剪贴板。
打开按钮栏选项窗口来添加按钮。
启用或禁用重新排列组和应用程序的菜单项。
停止预览图片
停止预览电影和音乐。
停止预览文本。
拖动按钮到文件夹来添加其到子项。
</ButtonBarTooltip>


<CommandBarDragDrop>
在此处创建按钮
移动按钮到此处
复制按钮到此处
此工具栏已锁定。
移动此按钮并创建子项目
复制此按钮并创建子项目
等待下拉菜单
</CommandBarDragDrop>


<CommandBarDialog>
您即将添加 {0} 项到命令栏。\r\n确定继续吗？
</CommandBarDialog>


<CommandBarEditor>
编辑命令
新建命令
常规
子项目
命令的类型：
按钮的类型：
图标路径：
键盘快捷键：
显示文本
显示图标
选项
命令 ID
命令 ID
参数
文件命令选项
详细信息
路径
参数
工作目录
动词
动作
网络超时
跳过网络地址解析
允许文件放到这项目
展开此文件夹的文件而不是子项目
组名
动作
扩大组成员而不是子项目
新建项目
固定左/顶角
相关视图：
未指定
默认
额外视图（底部）
额外视图（左侧）
选择要添加的组。
窗口大小：
脚本
如果此命令执行一个脚本文件，QTTabBar 可以等待该脚本执行完成并获取它的返回值。
等待直至脚本完成
超时（秒）
子菜单：
无子菜单
展开
</CommandBarEditor>


<CommandBarFileAction>
默认
新标签
后台打开新标签
当前位置
新窗口
通过外壳执行
</CommandBarFileAction>


<CommandBarGroupAction>
默认
后台
新窗口
替换
</CommandBarGroupAction>


<CommandBarSubType>
按钮
下拉按钮
分割按钮
</CommandBarSubType>


<CommandBarType>
基本命令
高级命令
文件和文件夹
群组
插件
</CommandBarType>


<CommandBarWindowSize>
正常窗口
最大化
最小化
隐藏
</CommandBarWindowSize>


<CommandTokens>
子命令的返回值
子命令的返回值 {0}
同级命令的返回值
同级命令的返回值 {0}
数据槽{0} 中的值
事件数据的文本表达式
要获取事件数据的键值
否定一个成功的布尔值
</CommandTokens>


<DefaultFont>
微软雅黑
9
</DefaultFont>


<DesktopTool>
启用任务栏上的菜单
启用桌面上的菜单
锁定项目
绘制标题背景
在工具栏上单击左键
启用应用程序快捷键
菜单透明度
打开群组
最近标签
应用程序
最近文件
桌面文件
在桌面上单击左键
在桌面上单击中键
菜单成员
如何显示菜单
在桌面上双击左键
</DesktopTool>


<Dialog>
不再显示此对话框
正在搜索 {0}...
重命名当前文件夹
</Dialog>


<DialogAppLauncher>
是否确实要删除&quot;{0}&quot;?
删除应用程序启动器项目
</DialogAppLauncher>


<DialogButtons>
确定(&amp;O)
取消(&amp;C)
应用(&amp;A)
默认(&amp;D)
是(&amp;Y)
否(&amp;N)
重试(&amp;R)
关闭(&amp;L)
清除(&amp;C)
刷新(&amp;R)
停止(&amp;S)
诊断(&amp;S)
向上(&amp;U)
向下(&amp;D)
替换
撤销(&amp;U)
编辑(&amp;E)
克隆(&amp;C)
</DialogButtons>


<DialogCopyMove>
复制：
移动：
创建快捷方式：
没有找到目标标签。
将选择的文件和文件夹复制到当前位置 &apos;{0}&apos;
将选择的文件和文件夹移动到当前位置 &apos;{0}&apos;
为选择的文件和文件夹创建快捷方式到当前位置 &apos;{0}&apos;
全选(&amp;A)
目标文件夹
执行(&amp;P)
视图 - 小
视图 - 大
将文件夹结构复制到标签：
</DialogCopyMove>


<DialogError>
错误
QTTabBar 导航失败：\r\n\r\n {0}。
找不到 {0} 的目标。
{0} 未找到。
未知组名：
群组中包含无效的成员：
下列各组均为空或不包含有效的成员：
以下群组文件为空或不包含有效的组名：
空文件。
IO 错误。
未授权的访问。
请确保已启用 QTTabBar。
对此错误不再显示此对话框。
无效的图像文件。\r\n\r\n请指定 432 × 40 或 480 × 40 像素的文件。
应用程序启动参数或工作目录中包含关键字，但 QTTabBar 替换它们失败。
创建命令栏的按钮用了 {0} 秒。\r\n可能是有一些无效的项目或项目位于慢速网络上。
此项目不能添加到此工具栏。
操作失败，出现以下错误：
额外视图不能显示控制面板项“{0}”。
您想打开光盘托盘吗？
这可能是因为文件资源管理器的窗口已被使用 /root 选项打开。
</DialogError>


<DialogFileHashComputer>
完成
已取消。
计算哈希 {0} / {1}
数据成功设置为剪贴板中的内容
路径
哈希
选项(&amp;O)
完整路径
关闭时清除
始终置顶
（正在计算中...）
打开文件失败。
已取消。
正在等待...
不透明度
</DialogFileHashComputer>


<DialogFileRenamer>
重命名
当前文件夹：
查找：(&amp;F)
替换为：(&amp;R)
选项
范围
区分大小写(&amp;V)
正则表达式(&amp;X)
包括子目录(&amp;B)
深度(&amp;D)
文件夹中的所有项目(&amp;A)
选中的项目(&amp;S)
目标
文件夹和文件
文件夹
文件
冲突
确认(&amp;I)
自动(&amp;U)
保留较新的(&amp;K)
指定子文件夹的最大深度。设置1只包括直接子级，0为没有限制。
搜索中...
正在处理...
成功重命名 {0} 项。
成功 {0} 个，失败 {1} 个。
^\t文件名开头
$\t文件名结束
.\t任何单个字符
[]\t在字符组中的任意单个字符
[^]\t不在字符组中的任意单个字符
\s\t空格
\d\t十进制数字
*\t零次或多次
+\t一次或多次
?\t零次或一次
{n,m}\tn - m 次
*?\t零次或多次（最短一致）
+?\t一次或多次（最短一致）
??\t零次或一次（最短一致）
{n,m}?\tn - m 次（最短一致）
()\t群组
|\t或
$1\t捕获群组 1
$2\t捕获群组 2
$3\t捕获群组 3
$n\t捕获群组 n
$&amp;\t完整匹配
$_\t完整文件名
$`\t匹配文件名的之前部分
$`\t匹配文件名的之后部分
$+\t最后捕获的群组
$$\t&quot;$&quot; 文本
连续的数字(&amp;Q)
开始(&amp;T)
增量(&amp;N)
在子文件夹中重置(&amp;E)
?\t连续数字
??\t至少两个连续数字
???\t至少三个连续数字等等
无效的正则表达式。
原名称
新名称
文件夹
修改日期
创建日期
大小
类型
重命名
文件
选项
导航追随文件夹窗口
始终置顶
打开文件夹...
关闭
预设
批量更改扩展名 - abc -&gt; xyz
批量更改扩展名 - ALL -&gt; xyz
替换
列表
过滤器：
名称列表：
保留原始扩展名
无效文件名。
$x\t文件扩展名
$w\t文件名称无扩展名
重命名此项
${label}\t命名的组
$[m-n]\t第m个匹配中的第n组
(?&lt;label&gt;)\t命名分组
$L[...]\t全部转为小写
$U[...]\t全部转为大写
$I[...]\t将单词首字母转为大写
刷新
全部转为小写
全部转为大写
单词首字母转为大写
</DialogFileRenamer>


<DialogGroup>
创建新组
组名：
添加所有标签
您确实要删除群组“{0}”吗？
删除群组
您确实要删除成员“{0}”吗？
删除群组成员
创建一个群组文件
QTTabBar 群组文件
{0} 已经存在，您想追加（是），或替换（否）吗？
</DialogGroup>


<DialogKeyFinder>
[群组]
[应用程序启动器]
[插件]
快捷键
动作
种类
键盘快捷键查找器
{0} 个快捷键。
[命令按钮]
</DialogKeyFinder>


<DialogLibrary>
创建新库
库名称：
添加所有标签
</DialogLibrary>


<DialogVersatileBar>
是否确实要删除项&quot;{0}&quot;?
从命令栏中删除项目
编辑标签
</DialogVersatileBar>


<DropHelper>
复制
移动
添加到应用程序启动器菜单
</DropHelper>


<Global>
{0} 项
在原地打开(&amp;P)
在活动标签中打开(&amp;A)
在新标签中打开(&amp;B)
在其他视图中打开(&amp;V)
</Global>


<GlobalMenu>
工具栏(&amp;O)
锁定工具栏(&amp;L)
自动隐藏工具栏(&amp;H)
自动隐藏工具栏(&amp;H)
键盘快捷键查找器(&amp;K)
文件夹选项(&amp;F)...
QTTabBar 选项(&amp;O)...
自定义按钮栏(&amp;C)...
分支(&amp;B)
添加到应用程序菜单：(&amp;A)
取消(&amp;C)
创建群组文件(&amp;G)...
在新窗口打开(&amp;W)
删除(&amp;R)
从菜单中删除此项目(&amp;R)
打开所在文件夹(&amp;P)
此文件夹是空的。
为活动标签创建群组
为所有标签创建群组
创建新组...
管理群组...
剪切(&amp;T)
复制(&amp;C)
粘贴(&amp;P)
粘贴快捷方式(&amp;S)
删除(&amp;D)
重命名(&amp;N)
属性(&amp;P)
设置图标(&amp;I)...
重置图标(&amp;R)
打开并关闭其他标签(&amp;C)
帮助(&amp;H)
在额外视图中打开（底部）(&amp;B)
在额外视图中打开（左侧）(&amp;L)
在默认视图中打开(&amp;D)
</GlobalMenu>


<GlobalTokens>
选中文件（双引号包裹，有多个则空格分隔）
选中文件（若仅一个则无引号）
选中文件夹（双引号包裹，有多个则空格分隔）
选中文件夹（若仅一个则无引号）
选中文件和文件夹（双引号包裹，有多个则空格分隔）
选中文件和文件夹（若仅一个则无引号）
当前文件夹（若含空格则双引号包裹）
当前文件夹（无引号）
选中的单个文件夹，或当前文件夹（若含空格则双引号包裹）
选中的单个文件夹，或当前文件夹（无引号）
选中的单个项目的名称（无引号）
标签（事件源）
标签路径字符串（事件源）
</GlobalTokens>


<GlobalToolbar>
菜单栏
状态栏
标签栏
标签栏（底部）
按钮栏
命令栏
命令栏（纵向）
额外视图（底部）
额外视图（左侧）
</GlobalToolbar>


<GlobalTooltip>
显示或隐藏工具栏。
锁定工具栏的大小和位置。
切换工具栏自动隐藏的模式。
切换此工具栏的自动隐藏模式。
打开键盘快捷键查找器窗口，显示已分配的键盘快捷键列表。
显示资源管理器中的文件夹选项。
打开 QTTabBar 选项窗口。
其中该标签通过其他位置。
创建新的群组，并将活动标签添加作为一个成员。
创建一个新群组并将所有标签添加到它。
选择要创建群组的文件夹。
打开选项窗口，并管理群组的详细信息。
同步视图。
同步滚动。
同步导航。
浏览文件夹。
</GlobalTooltip>


<GroupOpener>
QTTabBar 群组文件
群组：
这群组文件是空的。
创建一个群组文件
</GroupOpener>


<IEWarning>
QTTabBar 不在 Internet Explorer 中工作。\r\n如果您禁用该加载项，它也将在资源管理器中停止工作。\r\n这种情况需在 Internet 选项中启用与 QTTabBar 相关的工具栏加载项。
</IEWarning>


<NotifyIcon>
恢复所有窗口
全部关闭
个窗口
</NotifyIcon>


<Option>
QTTabBar 选项
不适用
默认
{0} 无法访问。您要继续吗？
无法访问路径
恢复此页面的默认值
选择颜色...
选择图标...
移除图标
{左, 上, 右, 下} =
</Option>


<OptionAppearance>
标签大小
宽度
高度
最大值
最小值
固定
标签标题文本
选择字体...
文本对齐方式
文本颜色
活动
非活动
文本阴影
为活动标签加粗字体
文本偏移量 (X，Y)
标签背景
标签渲染模式
自动
限制标签宽度
左对齐
居中
视觉样式
皮肤
经典
图像文件的路径：
突出显示颜色
选择颜色...
工具栏
工具栏背景颜色
纵向命令栏背景颜色
底部标签栏背景颜色
工具栏背景图像
图像位置
菜单
菜单样式
菜单透明度
菜单中字符的最大数量
显示快捷键
平铺
实际尺寸
拉伸
在每个栏上拉伸
Windows 7
XP
默认
Windows 8
下载皮肤图像文件(&amp;D)...
填充（左，右）
标签
标签皮肤
工具栏
标签上显示关闭按钮
图像文件的路径：
按钮偏移量 (X，Y)
导航窗格
背景颜色
文本颜色
锁定图标
图像文件的路径：
锁定图标偏移量 (X，Y)
活动标签字体样式
粗体
斜体
删除线
下划线
标签图标
标签图标偏移 (X,Y)
Windows 10
</OptionAppearance>


<OptionAppLauncher>
添加文件夹
新项目
删除
添加分隔符
路径：
参数：
工作文件夹：
键盘快捷键
下列关键字将在运行时将被自动替换为路径字符串。
选中的文件
选中的文件夹
选中的文件和文件夹
当前文件夹
选中的文件夹，没有选中时为当前文件夹
</OptionAppLauncher>


<OptionCommandBar>
您可以在命令栏通过拖动来添加或删除项目。
插件
池
在池中保持移下的按钮
基本命令的图像文件（按钮皮肤）：
</OptionCommandBar>


<OptionDesktopTool>
若要启用桌面工具，在任务栏上右键选择“工具栏”-&gt;“QT Tab Desktop Tool”
桌面工具菜单标题的皮肤图像
图像路径：
下载皮肤图像文件(&amp;D)...
工作屏幕中打开窗口
将捕获的窗口移动到工作屏幕
不捕获由桌面工具打开的窗口
</OptionDesktopTool>


<OptionEvent>
当您单击标签和标签栏时执行的命令。您可以将特定的命令绑定到一个事件。
您可以绑定命令到视图和窗口事件。
互动
其他事件
标签和标签栏
文件夹视图
导航窗格（文件夹树）
地址栏
默认命令按钮
窗口和任务栏
组菜单
导航完成
导航失败
窗口已打开
窗口即将关闭
子文件夹菜单
在额外中包含选中项目
创建一个新命令...
活动标签页变化
编辑当前绑定命令...
</OptionEvent>


<OptionEventActions>
关闭
向上一层
锁定
显示菜单
新窗口
克隆
复制路径
属性
显示子菜单
将所选的文件复制到该标签
将所选的文件移动到该标签
在该标签中创建一个到选定文件的链接
移动该标签到额外视图（底部）
移动该标签到额外视图（左侧）
将该标签移动到其他视图
浏览文件夹并打开新标签
关闭活动标签外的标签
全部锁定
恢复上次关闭时的状态
打开 QTTabBar 选项
关闭窗口
克隆活动的标签
激活最近激活的标签
打开新标签
打开新后台标签
在活动标签中导航
在额外视图（底部）中打开新标签
在额外视图（底部）中打开新后台标签
在额外视图（底部）的活动标签中导航
在额外视图（左侧）中打开新标签
在额外视图（左侧）中打开新后台标签
在额外视图（左侧）的活动标签中导航
在其他视图中打开新标签
在其他视图中打开新后台标签
在其他视图的活动标签中导航
在一个优先视图中打开新标签
在一个优先视图中打开新后台标签
在一个优先视图的活动标签中导航
复制
剪切
编辑
关闭标签
发送到任务托盘
默认
在后台中打开
替换
在额外视图（底部）中替换
在额外视图（左侧）中替换
在其他视图中替换
粘贴到
用户命令
发送文件夹到剪贴板中复制
发送文件夹到剪贴板中剪切
从剪贴板中粘贴文件夹
删除文件夹
永久删除文件夹
开始重命名
将点击传递到背景
浏览文件夹并在后台打开新标签
打开桌面
打开默认标签
</OptionEventActions>


<OptionEventSource>
在标签上单击
在活动标签上双击
在标签上单击中键
在标签上右击
在工具栏上双击
在工具栏上中键单击
在工具栏上右击
在导航面板上单击
在导航面板上中键单击
在导航面板上按键
在路径栏上单击
在路径栏上中键单击
单击命令栏按钮
中键单击命令栏按钮
窗口的关闭按钮
跳转列表中的“关闭窗口”命令
单击组菜单项
中键单击组菜单项
双击文件夹图标
中键单击文件夹图标
双击文件夹视图
中键单击文件夹视图
单击子文件夹菜单项
中键单击子文件夹菜单项
回车键于文件夹图标
点击标签栏的&quot;+&quot;按钮
</OptionEventSource>


<OptionExtraView>
额外视图（底部）
额外视图（左侧）
将焦点放在...
显示详细信息面板
显示文件夹条带
使用标签
始终在启动时恢复标签
地址栏
导航按钮
顶部
底部
左侧
右侧
当一个视图有焦点时，按 Tab 键切换焦点到其他视图
所有标签已关闭时隐藏
打开默认标签：
自动调整额外视图尺寸
最后一个标签关闭时打开
</OptionExtraView>


<OptionFolderView>
退格键向上一层
循环光标
重命名文件时按 F2 键更改选中部分
Shift+滚轮 水平滚动
滚动文件夹视图，即使未获得焦点
滚动树视图，即使未获得焦点
在详细视图中为不能完全显示文件名的文件显示文件名提示
在文件夹视图中中键点击文件夹图标
在文件夹视图中双击
在文件夹视图中单击中键
兼容列表视图模式
不选中整行
始终显示列标题
为定制过的文件夹显示水印
将列表视图中的行宽固定为
详细信息视图的奇数行颜色
详细信息视图的偶数行颜色
选择背景颜色...
选择文本颜色...
新标签
新窗口
复制
剪切
属性
回到上一级
在标签中打开并浏览文件夹
克隆
复制当前文件夹路径
复制当前文件夹名
关闭窗口
关闭活动标签
全选
反向选择
创建新文件夹
创建新TXT文件
打开“复制到当前文件夹”对话框
打开”移动到当前文件夹”对话框
打开”在当前文件夹创建快捷方式”对话框
粘贴
在兼容视图中的自定义颜色
将设置文本和背景颜色命令添加到外壳程序菜单
覆盖 NTFS 压缩和加密的颜色
路径、扩展名和正则表达式
条件
路径、名称、扩展名 (.ext) 或正则表达式(/regularexpression/i) 来添加：
添加
更新
更改文本颜色
描绘背景
类型
行
视图
标题
奇数
偶数
路径
名称
位置
文件夹窗口
桌面
应用默认条带
（未指定）
拖放助手
在文件夹窗口中使用拖放助手
在桌面上使用拖放助手
拖放到文件夹时使用
拖放到文件夹快捷方式时使用
基础背景颜色
详细信息视图中选中列的背景颜色
在自定义的颜色上绘画
子文件夹菜单
添加预设的颜色...
可执行文件
Unicode 控制字符的警告
常规
自定义视图颜色
外壳上下文菜单
QTTabBar 命令
添加到文件/文件夹的右键菜单
添加到文件夹空白处的右键菜单
文件夹动作
这是必要的用于捕获窗口。
添加命令，如“在新标签中打开”到文件夹中的快捷菜单
如果按路径指定则跟踪重命名。
活动
不活动
基础文本颜色
水印
文件夹种类
视图边框颜色 (Windows 8.x, 10)
增强在视图中的增量搜索
匹配中间而不只是开头的文件名称
会话超时（毫秒）
此选项将允许使用更多快速访问键，或称增量搜索。实现 IFilter 接口的插件可以接受字符和修改选择结果。
使用实现 IFilter 接口的插件，如果已安装。
混合自定义颜色
部分匹配
快捷方式文件
</OptionFolderView>


<OptionGeneral>
显示工具提示
显示更详细的工具提示
在状态栏中显示命令信息
捕获鼠标上的 X1/X2 为后退/前进按钮
交换X1和X2按钮
在标签栏中显示导航按钮
语言文件：
右侧
左侧
下载语言文件...
创建语言文件...
更新
发现更新时提示
忽略测试版本（Beta）
立即下载更新...
管理设置
网络
网络超时值，单位秒
重试访问直到超时时间已过
</OptionGeneral>


<OptionGenre>
常规
历史
标签
窗口
工具栏
事件
拖放
文件夹视图
兼容的文件夹视图
额外视图
外观
群组
应用程序启动器
命令按钮
插件
键盘快捷键
预览
子菜单
桌面工具
声音
杂项
</OptionGenre>


<OptionGroup>
添加位置...
新建群组
删除
添加分隔符
启动群组
为选中的群组设置快捷键
打开群组时关闭所有标签
将管理群组的命令预置到菜单
将管理群组的命令预置到组菜单的右键菜单
在下拉菜单中显示子项
子项显示子文件夹菜单
如何标识启动群组：
在何处插入启动群组：
下划线
斜体
右侧
左侧
锁定
选中群组的颜色
如何显示标签组的颜色：
云
填充
三角形(右)
三角形(左)
应用群组颜色到菜单
编辑
选项
</OptionGroup>


<OptionHistory>
最近的标签
保存的最大项目
添加到历史：
注销时清除
最近的文件
保存应用程序启动器菜单历史记录
保存应用程序启动器菜单参数
单独保存exe程序的运行记录
关闭标签
打开标签
导航
标签打开和导航
允许重复
按字母顺序排列
</OptionHistory>


<OptionKeyShortcuts>
发送到剪贴板
全部折叠
动作
快捷键
QTTabBar - 标签和导航
QTTabBar - 窗口和工具栏
QTTabBar - 菜单
QTTabBar - 编辑
QTTabBar - 预览
QTTabBar - 其他
插件
允许快捷方式没有修饰键 (Ctrl、Shift、Alt)
&quot;{0}&quot;已分配到&quot;{1}&quot;。您想重新分配吗？
确认重新分配
穿透功能
有 * 标记的项目可以设置默认键 Shift + Esc 键穿透功能。
QTTabBar - 文件夹视图
QTTabBar - 额外视图和同步
QTTabBar - 焦点
</OptionKeyShortcuts>


<OptionMiscs>
定期导出设置
间隔（天）
目录
导出设置...
恢复默认设置...
任务栏
为此选项窗口显示单独的任务栏按钮
为文件哈希计算窗口显示单独的任务栏按钮
捐赠
重置已禁用的错误对话框
这将恢复默认设置。\r\n\r\n“是” 将删除所有更改，包括您设置的群组和应用程序，并卸载所有插件。\r\n“否” 将恢复除群组、应用程序和插件外的所有组合框和复选框为默认设置。\r\n\r\n操作不会立即生效，直到按下“确定”或“应用”按钮。
清除设置
提交功能请求或Bug报告
导入设置...
删除自动完成历史记录
重建外壳图标缓存
清除窗口大小、位置和视图设置
保存桌面图标位置...
恢复桌面图标的位置...
删除列表记录
开始菜单的运行
地址栏输入的路径
搜索建议
开始菜单中最近使用的项目
开始菜单中最近打开的程序
外壳
脚本
未指定时默认目标视图
有焦点的视图
默认视图
</OptionMiscs>


<OptionPlugin>
添加插件
选项
禁用
启用
卸载
关于 {0}
以下插件也或被卸载：\r\n\r\n{0}\r\n\r\n按“确定”全部卸载。
</OptionPlugin>


<OptionPreview>
对文本、图像和媒体文件显示预览提示
在缩略图下显示文件信息
为网络文件启用
为压缩文件夹中的文件启用
仅在Shift键按下时显示
即使文件夹窗口未处于活动状态也显示
尝试获取 EXIF 缩略图 (快但质量较低)
保存音乐与视频的播放进度
在屏幕角落显示
尝试全尺寸展示
预览窗口的大小
图片 最大宽度/高度
电影 最大宽度/高度
文本 最大宽度/高度
文本文件最大读取量(KB)
文本预览的字体
选择字体...
文件扩展名
图片
电影和音乐
文本
添加
删除
预览窗口的不透明度
图像缓存最多使用的内存量(MB)
清除图像缓存
音量
首次预览延时（毫秒）
全屏
显示器全屏
固定的显示器：
当前显示器
下一个
上一个
固定
尝试显示在指定的最大大小
文本颜色
背景颜色
信息文本标签
自动隐藏
始终可见
使用硬件加速（如果可用）
全屏幕幻灯片时画面的持续时间，以毫秒为单位：
通过热键全屏预览窗口（小键盘“.”为默认）
常规
扩展、字体和颜色
窗口
</OptionPreview>


<OptionSearchOpt>
搜索结果
种类
命中
</OptionSearchOpt>


<OptionSound>
为错误和对话框播放声音
导航声音
指定使用键盘快捷键操作文件时播放的 WAV 文件
复制时播放声音
剪切时播放声音
粘贴时播放声音
删除时播放声音
总是播放
原地导航时播放
静音
在系统音频会话中播放
</OptionSound>


<OptionSubFolderMenu>
启用子文件夹菜单
同时显示文件与文件夹
显示隐藏属性项目
显示系统属性项目
显示预览提示
仅在Shift键按下时显示
即使文件夹窗口未处于活动状态也显示
QT 群组文件展开群组项目到根菜单
拖动文件和文件夹时在文件夹上显示菜单
为压缩文件夹启用菜单
菜单显示时显示图标
在库中为每个文件夹中的项目排序
为命令栏中的项目启用
为命令栏（纵向）中的项目启用
菜单的不透明度
拖动时显示菜单的延时（毫秒）
预览显示前的延时（毫秒）
项目排序
文件扩展名
显示名称
修改日期
修改日期（最旧优先）
使用自定义颜色设置
</OptionSubFolderMenu>


<OptionTab>
新标签的位置：
关闭当前标签后，激活：
多行
拖动到标签附近时
默认拖放效果
允许拖放目标为标签
不允许拖动标签到另一个标签
不允许拖动标签到各栏
激活新的标签
除非Ctrl按下否则不重复打开相同标签
拖放时允许重复
显示标签编号
自动重命名名称类似的标签
创建新窗口时关闭原标签
通过鼠标滚轮更改活动标签
标签动画
拖动激活时间（毫秒）
动画速度（越大越快）
最右
最左
右侧
左侧
最后激活的
多行，激活标签在最下一行
多行
单行
显示子文件夹菜单
激活
系统默认值
复制
移动
链接
在标签上显示关闭按钮
Alt键按下时
鼠标悬停时
显示标签图标
点击标签图标时显示子文件夹菜单
扩展可点击的标签图标区域来显示菜单
标明驱动器号
锁定标签行为
防止其他标签激活
防止原地导航
防止窗口被关闭
按 Ctrl + Tab 显示标签切换器
以Aero样式绘制标签切换器
水平翻转标签栏
标签为拖动源
复制、移动或创建快捷方式
创建一个新的窗口
允许拖曳来自同一个标签栏的标签
标签栏拖曳目标
允许来自同一个标签栏的标签
标签切换器显示的项目数
默认行为（按 Alt 键反转）
导航失败时关闭标签
常规
关闭按钮/图标/锁定
鼠标右键在视图上按下时允许用鼠标滚轮更改活动标签
添加&quot;+&quot;按钮到标签栏
</OptionTab>


<OptionToolbar>
自动隐藏工具栏
标签变化时展开
窗口最大化时展开
不在鼠标指针到位时自动显示
自动隐藏延时（毫秒）
自动显示延时（毫秒）
将标签栏（底部）/额外视图（底部）放置在命令栏（垂直）/额外视图（左侧）的下面
当栏只有一个标签时
给予优先到...
在左侧的额外视图启用时，同步默认视图与标签栏（顶部）的水平位置。
</OptionToolbar>


<OptionTooltip>
前往网站：http://qttabbar.wikidot.com/
Ctrl + 上箭头
Ctrl + 下箭头
将选定的群组设为启动项。
为所选项目创建群组文件。群组文件是一个群组的快捷方式。
当您试图删除设置时显示对话框。
在缩略图宽度/高度低于256像素时使用。
Shift 键按下时可被关闭。
0 则没有限制。
选择文件
浏览文件夹
选择占位符
数字键盘的+、-键在播放时可用。
释放保存图像缓存的内存。
通过使用与 XP/Vista 兼容的视图，自动排列和对齐到网格选项可用。
允许拖动文件和文件夹到标签上时执行复制或移动行为。
防止标签被拖动到标签。
防止标签被拖动到工具栏。
切换标签锁定状态。
删除选定的项目。
浏览并选择文件和文件夹。
请指定垂直像素是4的倍数的图像文件。\r\n它从上到下必须含有，正常的，热点的，按下的，按下Alt键的图像。
选择用户要执行的命令。它必须包含：从顶部到底部、正常、热、按下、按住 Alt 时的的图像。
显示此页面的帮助。
</OptionTooltip>


<OptionWindow>
捕获窗口
最小化时将窗口发送至托盘区域
不能调整窗口大小
保存窗口的透明度
保存窗口置顶状态
隐藏菜单栏
调整窗口的大小时更改标签行数
双击窗口左侧和右侧边缘时横向最大化窗口
打开新窗口时恢复标签
仅恢复锁定的标签
仅第一个窗口打开时
最后一个标签关闭时打开指定文件夹
防止标签关闭
在工作的屏幕中打开窗口
将捕获的窗口移至工作屏幕
捕获 ShellExecuteHooks 的窗口（专业，需注销重新登录)
捕获 Win + E
打开一个新窗口时设置焦点
导航窗格（文件夹树）
地址栏
搜索框
活动标签
筛选框
捕获
您可以把文件夹或标签添加到排除列表。
排除的文件夹路径
捕获到哪个视图：
捕捉及排除列表
不从桌面捕获
</OptionWindow>


<ShellContextMenu>
QTTabBar 命令
复制到标签...
移动到标签...
链接到标签...
复制到文件夹...
移动到文件夹...
在文件夹创建链接...
选择文件复制到当前文件夹...
选择文件移动到当前文件夹...
选择文件在当前文件夹中创建快捷方式...
将文件夹结构复制到标签...
高级重命名...
粘贴到选定的文件夹
</ShellContextMenu>


<ShortcutKeyName>
后退（Alt+左箭头）
前进（Alt+右箭头）
返回至最开始的位置
前进到最终位置
激活下一个标签
激活上一个标签
激活第一个标签
激活最后一个标签
关闭当前
关闭其他
关闭左侧
关闭右侧
关闭窗口（Alt + F4）
撤消关闭
克隆当前标签
在新窗口中打开当前文件夹
锁定或解锁当前
锁定或解锁全部
在标签中打开并浏览文件夹
创建新群组
打开选项窗口
显示标签栏菜单
显示当前标签菜单
显示群组菜单（按钮栏）
显示最近的文件夹菜单（按钮栏）
显示用户应用程序菜单（按钮栏）
显示或隐藏菜单栏
复制选定的文件路径
复制选定的文件名称
复制当前文件夹路径
复制当前文件夹名称
计算所选文件的哈希
计算所选文件的哈希并复制到剪贴板（无显示）
将窗口置于顶层
增加透明度
减少透明度
聚焦到文件夹视图
聚焦到搜索栏
聚焦到文件夹树
聚焦到标签栏
聚焦到命令栏（纵向）
显示所选文件夹的子文件夹菜单
尝试显示选定文件的预览
将窗口发送到托盘区域
删除选定的文件 (Del)
永久删除选定的文件 (Shift + Del)
反向选择
删除当前文件夹
复制当前文件夹
剪切当前文件夹
粘贴快捷方式
创建一个新文件夹
创建一个新的TXT文件
创建一个快捷方式
打开“复制到文件夹”对话框
打开“移动到文件夹”对话框
打开“复制到标签”对话框
打开“移动到标签”对话框
打开“在标签中创建快捷方式”对话框
将选定的文件复制到上一个标签
将选定的文件移动到上一个标签
在上一个标签中创建所选文件的快捷方式
将选定的文件复制到下一个标签
将选定的文件移动到下一个标签
在下一个标签中创建所选文件的快捷方式
打开“复制到当前文件夹”对话框
打开“移动到当前文件夹”对话框
打开”在当前文件夹创建快捷方式”对话框
打开“从上一个标签复制”对话框
打开“从上一个标签移动”对话框
打开“从上一个标签中的项创建快捷方式”对话框
打开“从下一个标签复制”对话框
打开“从下一个标签移动”对话框
打开“从下一个标签中的项创建快捷方式”对话框
显示或隐藏按钮栏
显示或隐藏命令栏
显示或隐藏命令栏（纵向）
显示或隐藏状态栏
合并所有窗口中的所有标签
创建新库
显示键盘快捷键查找器
显示最近的文件菜单（按钮栏）
激活最近活动的标签
创建新文件夹并在标签中打开
调高音量
调低音量
静音
减速播放
重置速度
加速播放
快退
暂停
快进
缩小窗口
尝试全尺寸显示
放大窗口
切换全屏模式
切换角落模式
全屏幕
开始重命名当前文件夹
聚焦到搜索框
水平最大化窗口
打开按钮栏选项窗口
光标左移
光标上移
光标右移
光标下移
收起工具栏
展开工具栏
显示或隐藏工具栏
显示或隐藏标签栏
显示或隐藏标签栏（底部）
向左移动当前标签
向右移动当前标签
切换标签栏 / 底部标签栏
显示活动标签上的行程日志菜单
恢复此前关闭的窗口中的标签
清除最近标签历史记录
清除最近文件历史记录
锁定全屏预览窗口
播放上一曲目
播放下一曲目
移动到前一个显示器的全屏窗口
移动到下一个显示器的全屏窗口
显示“重命名”对话框
超大图标
大图标
中等图标
小图标
列表
详细信息
平铺
内容
按名称排序
按大小排序
按类型排序
按修改日期排序
粘贴到选定的文件夹
显示和隐藏额外视图（底部）
显示和隐藏额外视图（左侧）
聚焦底部的额外视图
聚焦左侧的额外视图
将所选的文件复制到额外视图（底部）
将所选的文件复制到额外视图（左侧）
将所选的文件复制到默认视图
将所选的文件移动到额外视图（底部）
将所选的文件移动到额外视图（左侧）
将所选的文件移动到默认视图
在额外视图（底部）中创建所选文件的链接
在额外视图（左侧）中创建所选文件的链接
在默认视图中创建所选文件的链接
启/停同步的视图滚动
启/停同步的视图导航
以聚焦视图同步与其他视图的位置
以与其他视图的位置同步聚焦视图
将所选的文件复制到另一个视图（到优先视图从默认视图如果两个视图处于活动状态，以及从一个额外视图的默认视图）
将所选的文件从一个额外视图移动到其他视图（默认视图如果两个视图处于活动状态，从优先查看）和默认视图
在其他视图中创建所选文件的链接，（从默认视图如果两种观点都是活跃的优先查看）和从一个额外视图的默认视图
聚焦下一个视图
聚焦具有焦点的视图的过滤器框
移动活动标签到默认视图
移动活动标签到额外视图（底部）
移动活动标签到额外视图（左侧）
移动活动标签到其他视图（从默认视图到优先视图，如果两个视图都活跃，从额外视图到默认视图）
用聚焦视图同步其他全部视图的位置
激活聚焦视图中的第一个标签
激活聚焦视图中的第二个标签
激活聚焦视图中的第三个标签
激活聚焦视图中的第四个标签
激活聚焦视图中的第五个标签
激活聚焦视图中的第六个标签
激活聚焦视图中的第七个标签
激活聚焦视图中的第八个标签
激活聚焦视图中的第九个标签
激活聚焦视图中的第十个标签
选择上一个匹配（增量搜索）
选择下一个匹配（增量搜索）
选择所有匹配（增量搜索）
</ShortcutKeyName>


<TabBar>
此文件夹已被剪切。
此文件夹不能被复制。
此文件夹不能被剪切。
此文件夹不能被删除。
一个项目不能被删除。
已粘贴到此文件夹。
粘贴到此文件夹失败。
</TabBar>


<TabBarDragAndDrop>
复制到：
移动到：
创建快捷方式：
复制到：{0}
移动到：{0}
在 {0} 中创建快捷方式
永久删除
在此处创建标签
移动标签到此处
在新窗口中打开
不允许重复
打开标签组
</TabBarDragAndDrop>


<TabBarMenu>
关闭(&amp;E)
关闭右侧(&amp;R)
关闭左侧(&amp;L)
关闭其他(&amp;B)
向组中添加(&amp;A)
创建新组(&amp;G)...
向库中添加(&amp;A)
创建新库(&amp;Y)...
锁定(&amp;L)
解锁(U)
标签文本(&amp;X)
克隆标签(&amp;I)
在新窗口中打开(&amp;W)
复制路径(&amp;A)
对当前视图的操作(&amp;V)
此标签历史记录(&amp;H)
群组(&amp;G)
最近的标签(&amp;T)
最近的文件(&amp;F)
上次激活(&amp;L)
浏览文件夹(&amp;B)...
关闭非当前的标签(&amp;B)
关闭窗口(&amp;W)
合并其他窗口的标签(&amp;M)
标签排序(&amp;O)
恢复上一个窗口中的标签(&amp;R)
撤消一个已关闭的标签(&amp;U)
关闭此群组(&amp;O)
关闭除此群组外的所有标签(&amp;X)
在新窗口中打开此群组(&amp;N)
关闭所有标签(&amp;A)
与默认视图同步水平位置(&amp;H)
</TabBarMenu>


<TabBarMenuOrder>
名称(&amp;N)
路径(&amp;p)
活动(&amp;A)
反向(&amp;R)
</TabBarMenuOrder>


<TabBarMenuViewActions>
全部选择(&amp;A)
反向选择(&amp;I)
创建快捷方式(&amp;S)
复制到文件夹(&amp;C)...
移动到文件夹(&amp;M)...
复制到标签(&amp;C)...
移动到标签(&amp;M)...
在标签中创建快捷方式(&amp;S)...
复制到当前文件夹(&amp;C)...
移动到当前文件夹(&amp;M)...
在当前文件夹中创建快捷方式(&amp;S)...
重命名多项(&amp;R)...
</TabBarMenuViewActions>


<TabBarTooltip>
关闭此标签。
关闭右侧的所有标签。
关闭左侧的所有标签。
关闭除此标签外的所有标签。
选择此标签要添加到的群组。
创建新的群组，并将此标签添加为一个成员。
选择一个库以添加此标签。
将创建一个新库并将此标签添加为一个成员。
锁定或解锁此标签。
在此标签上进行临时标记。
克隆此标签，并向栏中添加。
在新窗口中打开该标签。
将此文件夹的路径复制到剪贴板。
当前文件夹视图的命令菜单。
剪切此标签所代表的文件夹到剪贴板。
复制此标签所代表的文件夹到剪贴板。
粘贴剪贴板中的数据到此标签所代表的文件夹。
创建您所剪切或粘贴的项目的快捷方式到此标签所代表的文件夹。
删除此标签所代表的文件夹。
重命名此标签所代表的文件夹。
显示此标签所代表的文件夹的属性。
此标签的历史菜单。
激活最后激活的标签。
选择文件夹来打开标签。
关闭除活动标签外的所有标签。
关闭此窗口。
移动其他资源管理器窗口中的标签并将其关闭。
调整标签顺序的菜单。
将标签按名称排列。
将标签按路径排列。
将标签按激活顺序排列。
逆转标签的顺序。
恢复以前关闭的窗口中的标签。
重新打开最近关闭的标签。
关闭与这同组的标签。
关闭除此组外的所有标签。
在新窗口打开与这同组的标签。
关闭此额外视图中的所有标签。
在左侧的额外视图启用时，同步默认视图的水平位置。
</TabBarTooltip>


<TabBarTooltipViewActions>
选择窗口中所有项目。
反向选择被选中的和未被选中的项目。
创建指向选定项目的快捷方式。
将所选的项目复制到另一个位置。
将所选的项目移动到另一个位置。
将所选的项目复制到另一个标签。
将所选的项目移动到另一个标签。
在另一个标签中创建指向选定项目的快捷方式。
选择文件和文件夹，并复制到该标签。
选择文件和文件夹，并移动到此标签。
选择文件和文件夹，并在此标签中创建它们的快捷方式。
对此文件夹显示“重命名”对话框。
</TabBarTooltipViewActions>


<VersatileBarMenu>
添加项目(&amp;A)
添加群组(&amp;G)
添加所有群组
添加应用程序启动器(&amp;A)
添加文件夹文件(&amp;F)...
添加所有驱动器(&amp;D)
添加分隔符(&amp;S)
图标和标签(&amp;L)
切换标签(&amp;T)
图标位于文字之上(&amp;A)
图标位于文字之下(&amp;B)
图标大小(&amp;Z)
小(&amp;S)
中(&amp;M)
大(&amp;L)
超大(&amp;X)
锁定项目(&amp;L)
在当前标签中打开(&amp;U)
显示文本标签(&amp;L)
编辑文本标签(&amp;E)
从栏中删除(&amp;M)
群组：
参数：
工作目录：
允许启动拖动项目(&amp;D)
允许拖动到同级项目
大型(&amp;J)
打开新标签(&amp;T)
在后台标签打开(&amp;B)
执行(&amp;X)
编辑(&amp;E)
小(24)(&amp;2)
小(32)(&amp;3)
创建新的(&amp;N)...
外壳快捷菜单(&amp;S)
导出(&amp;X)...
添加插件按钮(&amp;P)...
添加虚拟文件夹(&amp;V)
</VersatileBarMenu>


<ViewColor>
设置文本和背景颜色...
</ViewColor>


<ViewSync>
同步视图
滚动
导航
导航同步已取消。
</ViewSync>


<UserInitialization>
系统文件夹
用户文件夹
驱动器
切换额外视图（底部）
切换额外视图（左侧）
重命名...
</UserInitialization>


<!--DATA END-->

</root>
